"filename", "language", "C#", "JSON", "ShaderLab", "HLSL", "comment", "blank", "total"
"c:\Users\edana\Desktop\YARR\YARR_Game\Assets\Resources\Scripts\Client\Networking\DDAClient.cs", "C#", 37, 0, 0, 0, 5, 10, 52
"c:\Users\edana\Desktop\YARR\YARR_Game\Assets\Resources\Scripts\Client\Networking\DataTransformer.cs", "C#", 175, 0, 0, 0, 7, 25, 207
"c:\Users\edana\Desktop\YARR\YARR_Game\Assets\Resources\Scripts\Client\Networking\GameClient.cs", "C#", 85, 0, 0, 0, 8, 19, 112
"c:\Users\edana\Desktop\YARR\YARR_Game\Assets\Resources\Scripts\Enemy.cs", "C#", 105, 0, 0, 0, 10, 17, 132
"c:\Users\edana\Desktop\YARR\YARR_Game\Assets\Resources\Scripts\EnemyFactory.cs", "C#", 77, 0, 0, 0, 10, 19, 106
"c:\Users\edana\Desktop\YARR\YARR_Game\Assets\Resources\Scripts\FinishMenu\ButtonsControl.cs", "C#", 23, 0, 0, 0, 2, 8, 33
"c:\Users\edana\Desktop\YARR\YARR_Game\Assets\Resources\Scripts\GameManager.cs", "C#", 463, 0, 0, 0, 87, 92, 642
"c:\Users\edana\Desktop\YARR\YARR_Game\Assets\Resources\Scripts\Item.cs", "C#", 30, 0, 0, 0, 4, 9, 43
"c:\Users\edana\Desktop\YARR\YARR_Game\Assets\Resources\Scripts\ItemFactory.cs", "C#", 64, 0, 0, 0, 9, 14, 87
"c:\Users\edana\Desktop\YARR\YARR_Game\Assets\Resources\Scripts\ItemSink.cs", "C#", 65, 0, 0, 0, 6, 14, 85
"c:\Users\edana\Desktop\YARR\YARR_Game\Assets\Resources\Scripts\ObjectFactory.cs", "C#", 86, 0, 0, 0, 7, 21, 114
"c:\Users\edana\Desktop\YARR\YARR_Game\Assets\Resources\Scripts\Player.cs", "C#", 514, 0, 0, 0, 38, 81, 633
"c:\Users\edana\Desktop\YARR\YARR_Game\Assets\Resources\Scripts\PlayerFactory.cs", "C#", 68, 0, 0, 0, 5, 13, 86
"c:\Users\edana\Desktop\YARR\YARR_Game\Assets\Resources\Scripts\Powerup.cs", "C#", 72, 0, 0, 0, 1, 14, 87
"c:\Users\edana\Desktop\YARR\YARR_Game\Assets\Resources\Scripts\PowerupFactory.cs", "C#", 62, 0, 0, 0, 9, 13, 84
"c:\Users\edana\Desktop\YARR\YARR_Game\Assets\Resources\Scripts\Singleton.cs", "C#", 21, 0, 0, 0, 0, 5, 26
"c:\Users\edana\Desktop\YARR\YARR_Game\Assets\Resources\Scripts\StartMenu\CodeValidator.cs", "C#", 84, 0, 0, 0, 8, 15, 107
"c:\Users\edana\Desktop\YARR\YARR_Game\Assets\Resources\Scripts\Treasure.cs", "C#", 65, 0, 0, 0, 0, 12, 77
"c:\Users\edana\Desktop\YARR\YARR_Game\Assets\Resources\Scripts\UI.cs", "C#", 135, 0, 0, 0, 6, 23, 164
"c:\Users\edana\Desktop\YARR\YARR_Game\Assets\Resources\SocketIO\JSONObject\Editor\JSONChecker.cs", "C#", 45, 0, 0, 0, 2, 5, 52
"c:\Users\edana\Desktop\YARR\YARR_Game\Assets\Resources\SocketIO\JSONObject\JSONObject.cs", "C#", 918, 0, 0, 0, 72, 21, 1011
"c:\Users\edana\Desktop\YARR\YARR_Game\Assets\Resources\SocketIO\JSONObject\JSONTemplates.cs", "C#", 54, 0, 0, 0, 30, 5, 89
"c:\Users\edana\Desktop\YARR\YARR_Game\Assets\Resources\SocketIO\JSONObject\VectorTemplates.cs", "C#", 209, 0, 0, 0, 21, 8, 238
"c:\Users\edana\Desktop\YARR\YARR_Game\Assets\Resources\SocketIO\Scripts\SocketIO\Ack.cs", "C#", 26, 0, 0, 0, 25, 8, 59
"c:\Users\edana\Desktop\YARR\YARR_Game\Assets\Resources\SocketIO\Scripts\SocketIO\Decoder.cs", "C#", 76, 0, 0, 0, 31, 13, 120
"c:\Users\edana\Desktop\YARR\YARR_Game\Assets\Resources\SocketIO\Scripts\SocketIO\Encoder.cs", "C#", 47, 0, 0, 0, 31, 13, 91
"c:\Users\edana\Desktop\YARR\YARR_Game\Assets\Resources\SocketIO\Scripts\SocketIO\EnginePacketType.cs", "C#", 17, 0, 0, 0, 28, 2, 47
"c:\Users\edana\Desktop\YARR\YARR_Game\Assets\Resources\SocketIO\Scripts\SocketIO\Packet.cs", "C#", 29, 0, 0, 0, 25, 6, 60
"c:\Users\edana\Desktop\YARR\YARR_Game\Assets\Resources\SocketIO\Scripts\SocketIO\Parser.cs", "C#", 25, 0, 0, 0, 25, 6, 56
"c:\Users\edana\Desktop\YARR\YARR_Game\Assets\Resources\SocketIO\Scripts\SocketIO\SocketIOComponent.cs", "C#", 322, 0, 0, 0, 27, 76, 425
"c:\Users\edana\Desktop\YARR\YARR_Game\Assets\Resources\SocketIO\Scripts\SocketIO\SocketIOEvent.cs", "C#", 20, 0, 0, 0, 25, 6, 51
"c:\Users\edana\Desktop\YARR\YARR_Game\Assets\Resources\SocketIO\Scripts\SocketIO\SocketIOException.cs", "C#", 12, 0, 0, 0, 25, 2, 39
"c:\Users\edana\Desktop\YARR\YARR_Game\Assets\Resources\SocketIO\Scripts\SocketIO\SocketPacketType.cs", "C#", 17, 0, 0, 0, 25, 2, 44
"c:\Users\edana\Desktop\YARR\YARR_Game\Assets\Resources\SocketIO\Scripts\Test\TestSocketIO.cs", "C#", 53, 0, 0, 0, 29, 20, 102
"c:\Users\edana\Desktop\YARR\YARR_Game\Assets\Resources\SocketIO\WebsocketSharp\AssemblyInfo.cs", "C#", 11, 0, 0, 0, 9, 7, 27
"c:\Users\edana\Desktop\YARR\YARR_Game\Assets\Resources\SocketIO\WebsocketSharp\ByteOrder.cs", "C#", 11, 0, 0, 0, 34, 3, 48
"c:\Users\edana\Desktop\YARR\YARR_Game\Assets\Resources\SocketIO\WebsocketSharp\CloseEventArgs.cs", "C#", 48, 0, 0, 0, 51, 15, 114
"c:\Users\edana\Desktop\YARR\YARR_Game\Assets\Resources\SocketIO\WebsocketSharp\CloseStatusCode.cs", "C#", 22, 0, 0, 0, 100, 3, 125
"c:\Users\edana\Desktop\YARR\YARR_Game\Assets\Resources\SocketIO\WebsocketSharp\CompressionMethod.cs", "C#", 11, 0, 0, 0, 40, 3, 54
"c:\Users\edana\Desktop\YARR\YARR_Game\Assets\Resources\SocketIO\WebsocketSharp\ErrorEventArgs.cs", "C#", 25, 0, 0, 0, 39, 11, 75
"c:\Users\edana\Desktop\YARR\YARR_Game\Assets\Resources\SocketIO\WebsocketSharp\Ext.cs", "C#", 1012, 0, 0, 0, 599, 198, 1809
"c:\Users\edana\Desktop\YARR\YARR_Game\Assets\Resources\SocketIO\WebsocketSharp\Fin.cs", "C#", 11, 0, 0, 0, 25, 3, 39
"c:\Users\edana\Desktop\YARR\YARR_Game\Assets\Resources\SocketIO\WebsocketSharp\HandshakeBase.cs", "C#", 69, 0, 0, 0, 25, 28, 122
"c:\Users\edana\Desktop\YARR\YARR_Game\Assets\Resources\SocketIO\WebsocketSharp\HandshakeRequest.cs", "C#", 118, 0, 0, 0, 25, 37, 180
"c:\Users\edana\Desktop\YARR\YARR_Game\Assets\Resources\SocketIO\WebsocketSharp\HandshakeResponse.cs", "C#", 119, 0, 0, 0, 25, 37, 181
"c:\Users\edana\Desktop\YARR\YARR_Game\Assets\Resources\SocketIO\WebsocketSharp\LogData.cs", "C#", 74, 0, 0, 0, 58, 21, 153
"c:\Users\edana\Desktop\YARR\YARR_Game\Assets\Resources\SocketIO\WebsocketSharp\LogLevel.cs", "C#", 15, 0, 0, 0, 46, 3, 64
"c:\Users\edana\Desktop\YARR\YARR_Game\Assets\Resources\SocketIO\WebsocketSharp\Logger.cs", "C#", 138, 0, 0, 0, 156, 37, 331
"c:\Users\edana\Desktop\YARR\YARR_Game\Assets\Resources\SocketIO\WebsocketSharp\Mask.cs", "C#", 11, 0, 0, 0, 25, 3, 39
"c:\Users\edana\Desktop\YARR\YARR_Game\Assets\Resources\SocketIO\WebsocketSharp\MessageEventArgs.cs", "C#", 58, 0, 0, 0, 52, 18, 128
"c:\Users\edana\Desktop\YARR\YARR_Game\Assets\Resources\SocketIO\WebsocketSharp\Net\AuthenticationBase.cs", "C#", 95, 0, 0, 0, 25, 32, 152
"c:\Users\edana\Desktop\YARR\YARR_Game\Assets\Resources\SocketIO\WebsocketSharp\Net\AuthenticationChallenge.cs", "C#", 96, 0, 0, 0, 25, 26, 147
"c:\Users\edana\Desktop\YARR\YARR_Game\Assets\Resources\SocketIO\WebsocketSharp\Net\AuthenticationResponse.cs", "C#", 232, 0, 0, 0, 32, 60, 324
"c:\Users\edana\Desktop\YARR\YARR_Game\Assets\Resources\SocketIO\WebsocketSharp\Net\AuthenticationSchemes.cs", "C#", 16, 0, 0, 0, 48, 4, 68
"c:\Users\edana\Desktop\YARR\YARR_Game\Assets\Resources\SocketIO\WebsocketSharp\Net\Chunk.cs", "C#", 41, 0, 0, 0, 33, 18, 92
"c:\Users\edana\Desktop\YARR\YARR_Game\Assets\Resources\SocketIO\WebsocketSharp\Net\ChunkStream.cs", "C#", 264, 0, 0, 0, 34, 71, 369
"c:\Users\edana\Desktop\YARR\YARR_Game\Assets\Resources\SocketIO\WebsocketSharp\Net\ChunkedRequestStream.cs", "C#", 135, 0, 0, 0, 34, 44, 213
"c:\Users\edana\Desktop\YARR\YARR_Game\Assets\Resources\SocketIO\WebsocketSharp\Net\Cookie.cs", "C#", 386, 0, 0, 0, 324, 104, 814
"c:\Users\edana\Desktop\YARR\YARR_Game\Assets\Resources\SocketIO\WebsocketSharp\Net\CookieCollection.cs", "C#", 343, 0, 0, 0, 176, 80, 599
"c:\Users\edana\Desktop\YARR\YARR_Game\Assets\Resources\SocketIO\WebsocketSharp\Net\CookieException.cs", "C#", 51, 0, 0, 0, 80, 19, 150
"c:\Users\edana\Desktop\YARR\YARR_Game\Assets\Resources\SocketIO\WebsocketSharp\Net\EndPointListener.cs", "C#", 352, 0, 0, 0, 33, 94, 479
"c:\Users\edana\Desktop\YARR\YARR_Game\Assets\Resources\SocketIO\WebsocketSharp\Net\EndPointManager.cs", "C#", 118, 0, 0, 0, 34, 32, 184
"c:\Users\edana\Desktop\YARR\YARR_Game\Assets\Resources\SocketIO\WebsocketSharp\Net\HttpBasicIdentity.cs", "C#", 29, 0, 0, 0, 42, 12, 83
"c:\Users\edana\Desktop\YARR\YARR_Game\Assets\Resources\SocketIO\WebsocketSharp\Net\HttpConnection.cs", "C#", 426, 0, 0, 0, 38, 101, 565
"c:\Users\edana\Desktop\YARR\YARR_Game\Assets\Resources\SocketIO\WebsocketSharp\Net\HttpDigestIdentity.cs", "C#", 79, 0, 0, 0, 82, 23, 184
"c:\Users\edana\Desktop\YARR\YARR_Game\Assets\Resources\SocketIO\WebsocketSharp\Net\HttpHeaderInfo.cs", "C#", 72, 0, 0, 0, 25, 23, 120
"c:\Users\edana\Desktop\YARR\YARR_Game\Assets\Resources\SocketIO\WebsocketSharp\Net\HttpHeaderType.cs", "C#", 17, 0, 0, 0, 25, 3, 45
"c:\Users\edana\Desktop\YARR\YARR_Game\Assets\Resources\SocketIO\WebsocketSharp\Net\HttpListener.cs", "C#", 370, 0, 0, 0, 284, 90, 744
"c:\Users\edana\Desktop\YARR\YARR_Game\Assets\Resources\SocketIO\WebsocketSharp\Net\HttpListenerContext.cs", "C#", 120, 0, 0, 0, 82, 38, 240
"c:\Users\edana\Desktop\YARR\YARR_Game\Assets\Resources\SocketIO\WebsocketSharp\Net\HttpListenerException.cs", "C#", 41, 0, 0, 0, 73, 14, 128
"c:\Users\edana\Desktop\YARR\YARR_Game\Assets\Resources\SocketIO\WebsocketSharp\Net\HttpListenerPrefixCollection.cs", "C#", 104, 0, 0, 0, 168, 33, 305
"c:\Users\edana\Desktop\YARR\YARR_Game\Assets\Resources\SocketIO\WebsocketSharp\Net\HttpListenerRequest.cs", "C#", 375, 0, 0, 0, 270, 83, 728
"c:\Users\edana\Desktop\YARR\YARR_Game\Assets\Resources\SocketIO\WebsocketSharp\Net\HttpListenerResponse.cs", "C#", 401, 0, 0, 0, 400, 106, 907
"c:\Users\edana\Desktop\YARR\YARR_Game\Assets\Resources\SocketIO\WebsocketSharp\Net\HttpStatusCode.cs", "C#", 54, 0, 0, 0, 304, 2, 360
"c:\Users\edana\Desktop\YARR\YARR_Game\Assets\Resources\SocketIO\WebsocketSharp\Net\HttpStreamAsyncResult.cs", "C#", 77, 0, 0, 0, 33, 24, 134
"c:\Users\edana\Desktop\YARR\YARR_Game\Assets\Resources\SocketIO\WebsocketSharp\Net\HttpUtility.cs", "C#", 955, 0, 0, 0, 89, 161, 1205
"c:\Users\edana\Desktop\YARR\YARR_Game\Assets\Resources\SocketIO\WebsocketSharp\Net\HttpVersion.cs", "C#", 20, 0, 0, 0, 44, 10, 74
"c:\Users\edana\Desktop\YARR\YARR_Game\Assets\Resources\SocketIO\WebsocketSharp\Net\InputChunkState.cs", "C#", 15, 0, 0, 0, 33, 4, 52
"c:\Users\edana\Desktop\YARR\YARR_Game\Assets\Resources\SocketIO\WebsocketSharp\Net\InputState.cs", "C#", 13, 0, 0, 0, 33, 4, 50
"c:\Users\edana\Desktop\YARR\YARR_Game\Assets\Resources\SocketIO\WebsocketSharp\Net\LineState.cs", "C#", 14, 0, 0, 0, 33, 4, 51
"c:\Users\edana\Desktop\YARR\YARR_Game\Assets\Resources\SocketIO\WebsocketSharp\Net\ListenerAsyncResult.cs", "C#", 128, 0, 0, 0, 33, 38, 199
"c:\Users\edana\Desktop\YARR\YARR_Game\Assets\Resources\SocketIO\WebsocketSharp\Net\ListenerPrefix.cs", "C#", 134, 0, 0, 0, 36, 37, 207
"c:\Users\edana\Desktop\YARR\YARR_Game\Assets\Resources\SocketIO\WebsocketSharp\Net\NetworkCredential.cs", "C#", 65, 0, 0, 0, 95, 20, 180
"c:\Users\edana\Desktop\YARR\YARR_Game\Assets\Resources\SocketIO\WebsocketSharp\Net\QueryStringCollection.cs", "C#", 26, 0, 0, 0, 36, 7, 69
"c:\Users\edana\Desktop\YARR\YARR_Game\Assets\Resources\SocketIO\WebsocketSharp\Net\ReadBufferState.cs", "C#", 39, 0, 0, 0, 33, 13, 85
"c:\Users\edana\Desktop\YARR\YARR_Game\Assets\Resources\SocketIO\WebsocketSharp\Net\RequestStream.cs", "C#", 179, 0, 0, 0, 40, 57, 276
"c:\Users\edana\Desktop\YARR\YARR_Game\Assets\Resources\SocketIO\WebsocketSharp\Net\ResponseStream.cs", "C#", 222, 0, 0, 0, 38, 55, 315
"c:\Users\edana\Desktop\YARR\YARR_Game\Assets\Resources\SocketIO\WebsocketSharp\Net\Security\SslStream.cs", "C#", 47, 0, 0, 0, 25, 11, 83
"c:\Users\edana\Desktop\YARR\YARR_Game\Assets\Resources\SocketIO\WebsocketSharp\Net\WebHeaderCollection.cs", "C#", 850, 0, 0, 0, 577, 110, 1537
"c:\Users\edana\Desktop\YARR\YARR_Game\Assets\Resources\SocketIO\WebsocketSharp\Net\WebSockets\HttpListenerWebSocketContext.cs", "C#", 137, 0, 0, 0, 154, 37, 328
"c:\Users\edana\Desktop\YARR\YARR_Game\Assets\Resources\SocketIO\WebsocketSharp\Net\WebSockets\TcpListenerWebSocketContext.cs", "C#", 190, 0, 0, 0, 154, 45, 389
"c:\Users\edana\Desktop\YARR\YARR_Game\Assets\Resources\SocketIO\WebsocketSharp\Net\WebSockets\WebSocketContext.cs", "C#", 36, 0, 0, 0, 149, 24, 209
"c:\Users\edana\Desktop\YARR\YARR_Game\Assets\Resources\SocketIO\WebsocketSharp\Opcode.cs", "C#", 15, 0, 0, 0, 56, 3, 74
"c:\Users\edana\Desktop\YARR\YARR_Game\Assets\Resources\SocketIO\WebsocketSharp\PayloadData.cs", "C#", 117, 0, 0, 0, 25, 40, 182
"c:\Users\edana\Desktop\YARR\YARR_Game\Assets\Resources\SocketIO\WebsocketSharp\Rsv.cs", "C#", 11, 0, 0, 0, 25, 3, 39
"c:\Users\edana\Desktop\YARR\YARR_Game\Assets\Resources\SocketIO\WebsocketSharp\WebSocket.cs", "C#", 1371, 0, 0, 0, 482, 318, 2171
"c:\Users\edana\Desktop\YARR\YARR_Game\Assets\Resources\SocketIO\WebsocketSharp\WebSocketException.cs", "C#", 41, 0, 0, 0, 35, 13, 89
"c:\Users\edana\Desktop\YARR\YARR_Game\Assets\Resources\SocketIO\WebsocketSharp\WebSocketFrame.cs", "C#", 526, 0, 0, 0, 44, 126, 696
"c:\Users\edana\Desktop\YARR\YARR_Game\Assets\Resources\SocketIO\WebsocketSharp\WebSocketState.cs", "C#", 13, 0, 0, 0, 50, 3, 66
"c:\Users\edana\Desktop\YARR\YARR_Game\Assets\Resources\SocketIO\WebsocketSharp\WebSocketStream.cs", "C#", 210, 0, 0, 0, 25, 53, 288
"c:\Users\edana\Desktop\YARR\YARR_Game\Assets\TextMesh Pro\Resources\Shaders\TMP_Bitmap-Custom-Atlas.shader", "ShaderLab", 0, 0, 108, 0, 2, 33, 143
"c:\Users\edana\Desktop\YARR\YARR_Game\Assets\TextMesh Pro\Resources\Shaders\TMP_Bitmap-Mobile.shader", "ShaderLab", 0, 0, 111, 0, 3, 31, 145
"c:\Users\edana\Desktop\YARR\YARR_Game\Assets\TextMesh Pro\Resources\Shaders\TMP_Bitmap.shader", "ShaderLab", 0, 0, 108, 0, 2, 33, 143
"c:\Users\edana\Desktop\YARR\YARR_Game\Assets\TextMesh Pro\Resources\Shaders\TMP_SDF Overlay.shader", "ShaderLab", 0, 0, 242, 0, 4, 71, 317
"c:\Users\edana\Desktop\YARR\YARR_Game\Assets\TextMesh Pro\Resources\Shaders\TMP_SDF-Mobile Masking.shader", "ShaderLab", 0, 0, 189, 0, 8, 50, 247
"c:\Users\edana\Desktop\YARR\YARR_Game\Assets\TextMesh Pro\Resources\Shaders\TMP_SDF-Mobile Overlay.shader", "ShaderLab", 0, 0, 182, 0, 8, 50, 240
"c:\Users\edana\Desktop\YARR\YARR_Game\Assets\TextMesh Pro\Resources\Shaders\TMP_SDF-Mobile.shader", "ShaderLab", 0, 0, 182, 0, 8, 50, 240
"c:\Users\edana\Desktop\YARR\YARR_Game\Assets\TextMesh Pro\Resources\Shaders\TMP_SDF-Surface-Mobile.shader", "ShaderLab", 0, 0, 102, 0, 8, 28, 138
"c:\Users\edana\Desktop\YARR\YARR_Game\Assets\TextMesh Pro\Resources\Shaders\TMP_SDF-Surface.shader", "ShaderLab", 0, 0, 121, 0, 4, 32, 157
"c:\Users\edana\Desktop\YARR\YARR_Game\Assets\TextMesh Pro\Resources\Shaders\TMP_SDF.shader", "ShaderLab", 0, 0, 242, 0, 4, 71, 317
"c:\Users\edana\Desktop\YARR\YARR_Game\Assets\TextMesh Pro\Resources\Shaders\TMP_Sprite.shader", "ShaderLab", 0, 0, 92, 0, 0, 22, 114
"c:\Users\edana\Desktop\YARR\YARR_Game\Assets\TextMesh Pro\Resources\Shaders\TMPro.cginc", "HLSL", 0, 0, 0, 63, 2, 20, 85
"c:\Users\edana\Desktop\YARR\YARR_Game\Assets\TextMesh Pro\Resources\Shaders\TMPro_Properties.cginc", "HLSL", 0, 0, 0, 62, 10, 14, 86
"c:\Users\edana\Desktop\YARR\YARR_Game\Assets\TextMesh Pro\Resources\Shaders\TMPro_Surface.cginc", "HLSL", 0, 0, 0, 84, 9, 23, 116
"c:\Users\edana\Desktop\YARR\YARR_Game\Assets\TextMesh Pro\Sprites\EmojiOne.json", "JSON", 0, 155, 0, 0, 0, 2, 157
"Total", "-", 15522, 155, 1679, 209, 7072, 3906, 28543